char,name,region_name,sub_region_name,ISO3166-1-Alpha-2,ISO3166-1-Alpha-3,tld
ğŸ‡¦ğŸ‡¨,Ascension Island,Africa,Sub-Saharan Africa,AC,ASC,.ac
ğŸ‡¦ğŸ‡©,Andorra,Europe,Southern Europe,AD,AND,.ad
ğŸ‡¦ğŸ‡ª,United Arab Emirates,Asia,Western Asia,AE,ARE,.ae
ğŸ‡¦ğŸ‡«,Afghanistan,Asia,Southern Asia,AF,AFG,.af
ğŸ‡¦ğŸ‡¬,Antigua & Barbuda,Americas,Latin America and the Caribbean,AG,ATG,.ag
ğŸ‡¦ğŸ‡®,Anguilla,Americas,Latin America and the Caribbean,AI,AIA,.ai
ğŸ‡¦ğŸ‡±,Albania,Europe,Southern Europe,AL,ALB,.al
ğŸ‡¦ğŸ‡²,Armenia,Asia,Western Asia,AM,ARM,.am
ğŸ‡¦ğŸ‡´,Angola,Africa,Sub-Saharan Africa,AO,AGO,.ao
ğŸ‡¦ğŸ‡¶,Antarctica,Antarctica,Antarctica,AQ,ATA,.aq
ğŸ‡¦ğŸ‡·,Argentina,Americas,Latin America and the Caribbean,AR,ARG,.ar
ğŸ‡¦ğŸ‡¸,American Samoa,Oceania,Polynesia,AS,ASM,.as
ğŸ‡¦ğŸ‡¹,Austria,Europe,Western Europe,AT,AUT,.at
ğŸ‡¦ğŸ‡º,Australia,Oceania,Australia and New Zealand,AU,AUS,.au
ğŸ‡¦ğŸ‡¼,Aruba,Americas,Latin America and the Caribbean,AW,ABW,.aw
ğŸ‡¦ğŸ‡½,Ã…land Islands,Europe,Northern Europe,AX,ALA,.ax
ğŸ‡¦ğŸ‡¿,Azerbaijan,Asia,Western Asia,AZ,AZE,.az
ğŸ‡§ğŸ‡¦,Bosnia & Herzegovina,Europe,Southern Europe,BA,BIH,.ba
ğŸ‡§ğŸ‡§,Barbados,Americas,Latin America and the Caribbean,BB,BRB,.bb
ğŸ‡§ğŸ‡©,Bangladesh,Asia,Southern Asia,BD,BGD,.bd
ğŸ‡§ğŸ‡ª,Belgium,Europe,Western Europe,BE,BEL,.be
ğŸ‡§ğŸ‡«,Burkina Faso,Africa,Sub-Saharan Africa,BF,BFA,.bf
ğŸ‡§ğŸ‡¬,Bulgaria,Europe,Eastern Europe,BG,BGR,.bg
ğŸ‡§ğŸ‡­,Bahrain,Asia,Western Asia,BH,BHR,.bh
ğŸ‡§ğŸ‡®,Burundi,Africa,Sub-Saharan Africa,BI,BDI,.bi
ğŸ‡§ğŸ‡¯,Benin,Africa,Sub-Saharan Africa,BJ,BEN,.bj
ğŸ‡§ğŸ‡±,St. BarthÃ©lemy,Americas,Latin America and the Caribbean,BL,BLM,.gp
ğŸ‡§ğŸ‡²,Bermuda,Americas,Northern America,BM,BMU,.bm
ğŸ‡§ğŸ‡³,Brunei,Asia,South-eastern Asia,BN,BRN,.bn
ğŸ‡§ğŸ‡´,Bolivia,Americas,Latin America and the Caribbean,BO,BOL,.bo
ğŸ‡§ğŸ‡¶,Caribbean Netherlands,Americas,Latin America and the Caribbean,BQ,BES,.bq
ğŸ‡§ğŸ‡·,Brazil,Americas,Latin America and the Caribbean,BR,BRA,.br
ğŸ‡§ğŸ‡¸,Bahamas,Americas,Latin America and the Caribbean,BS,BHS,.bs
ğŸ‡§ğŸ‡¹,Bhutan,Asia,Southern Asia,BT,BTN,.bt
ğŸ‡§ğŸ‡»,Bouvet Island,Americas,Latin America and the Caribbean,BV,BVT,.bv
ğŸ‡§ğŸ‡¼,Botswana,Africa,Sub-Saharan Africa,BW,BWA,.bw
ğŸ‡§ğŸ‡¾,Belarus,Europe,Eastern Europe,BY,BLR,.by
ğŸ‡§ğŸ‡¿,Belize,Americas,Latin America and the Caribbean,BZ,BLZ,.bz
ğŸ‡¨ğŸ‡¦,Canada,Americas,Northern America,CA,CAN,.ca
ğŸ‡¨ğŸ‡¨,Cocos (Keeling) Islands,Oceania,Australia and New Zealand,CC,CCK,.cc
ğŸ‡¨ğŸ‡©,Congo - Kinshasa,Africa,Sub-Saharan Africa,CD,COD,.cd
ğŸ‡¨ğŸ‡«,Central African Republic,Africa,Sub-Saharan Africa,CF,CAF,.cf
ğŸ‡¨ğŸ‡¬,Congo - Brazzaville,Africa,Sub-Saharan Africa,CG,COG,.cg
ğŸ‡¨ğŸ‡­,Switzerland,Europe,Western Europe,CH,CHE,.ch
ğŸ‡¨ğŸ‡®,CÃ´te dâ€™Ivoire,Africa,Sub-Saharan Africa,CI,CIV,.ci
ğŸ‡¨ğŸ‡°,Cook Islands,Oceania,Polynesia,CK,COK,.ck
ğŸ‡¨ğŸ‡±,Chile,Americas,Latin America and the Caribbean,CL,CHL,.cl
ğŸ‡¨ğŸ‡²,Cameroon,Africa,Sub-Saharan Africa,CM,CMR,.cm
ğŸ‡¨ğŸ‡³,China,Asia,Eastern Asia,CN,CHN,.cn
ğŸ‡¨ğŸ‡´,Colombia,Americas,Latin America and the Caribbean,CO,COL,.co
ğŸ‡¨ğŸ‡µ,Clipperton Island,North America,Caribbean,CP,CPT,.cp
ğŸ‡¨ğŸ‡·,Costa Rica,Americas,Latin America and the Caribbean,CR,CRI,.cr
ğŸ‡¨ğŸ‡º,Cuba,Americas,Latin America and the Caribbean,CU,CUB,.cu
ğŸ‡¨ğŸ‡»,Cape Verde,Africa,Sub-Saharan Africa,CV,CPV,.cv
ğŸ‡¨ğŸ‡¼,CuraÃ§ao,Americas,Latin America and the Caribbean,CW,CUW,.cw
ğŸ‡¨ğŸ‡½,Christmas Island,Oceania,Australia and New Zealand,CX,CXR,.cx
ğŸ‡¨ğŸ‡¾,Cyprus,Asia,Western Asia,CY,CYP,.cy
ğŸ‡¨ğŸ‡¿,Czechia,Europe,Eastern Europe,CZ,CZE,.cz
ğŸ‡©ğŸ‡ª,Germany,Europe,Western Europe,DE,DEU,.de
ğŸ‡©ğŸ‡¬,Diego Garcia,Africa,Sub-Saharan Africa,DG,DGA,.dg
ğŸ‡©ğŸ‡¯,Djibouti,Africa,Sub-Saharan Africa,DJ,DJI,.dj
ğŸ‡©ğŸ‡°,Denmark,Europe,Northern Europe,DK,DNK,.dk
ğŸ‡©ğŸ‡²,Dominica,Americas,Latin America and the Caribbean,DM,DMA,.dm
ğŸ‡©ğŸ‡´,Dominican Republic,Americas,Latin America and the Caribbean,DO,DOM,.do
ğŸ‡©ğŸ‡¿,Algeria,Africa,Northern Africa,DZ,DZA,.dz
ğŸ‡ªğŸ‡¦,Ceuta & Melilla,Europe,Southern Europe,ES-CE,ESM,.es
ğŸ‡ªğŸ‡¨,Ecuador,Americas,Latin America and the Caribbean,EC,ECU,.ec
ğŸ‡ªğŸ‡ª,Estonia,Europe,Northern Europe,EE,EST,.ee
ğŸ‡ªğŸ‡¬,Egypt,Africa,Northern Africa,EG,EGY,.eg
ğŸ‡ªğŸ‡­,Western Sahara,Africa,Northern Africa,EH,ESH,.eh
ğŸ‡ªğŸ‡·,Eritrea,Africa,Sub-Saharan Africa,ER,ERI,.er
ğŸ‡ªğŸ‡¸,Spain,Europe,Southern Europe,ES,ESP,.es
ğŸ‡ªğŸ‡¹,Ethiopia,Africa,Sub-Saharan Africa,ET,ETH,.et
ğŸ‡ªğŸ‡º,European Union,Europe,Northern Europe,EU,EUN,.eu
ğŸ‡«ğŸ‡®,Finland,Europe,Northern Europe,FI,FIN,.fi
ğŸ‡«ğŸ‡¯,Fiji,Oceania,Melanesia,FJ,FJI,.fj
ğŸ‡«ğŸ‡°,Falkland Islands,Americas,Latin America and the Caribbean,FK,FLK,.fk
ğŸ‡«ğŸ‡²,Micronesia,Oceania,Micronesia,FM,FSM,.fm
ğŸ‡«ğŸ‡´,Faroe Islands,Europe,Northern Europe,FO,FRO,.fo
ğŸ‡«ğŸ‡·,France,Europe,Western Europe,FR,FRA,.fr
ğŸ‡¬ğŸ‡¦,Gabon,Africa,Sub-Saharan Africa,GA,GAB,.ga
ğŸ‡¬ğŸ‡§,United Kingdom,Europe,Northern Europe,GB,GBR,.uk
ğŸ‡¬ğŸ‡©,Grenada,Americas,Latin America and the Caribbean,GD,GRD,.gd
ğŸ‡¬ğŸ‡ª,Georgia,Asia,Western Asia,GE,GEO,.ge
ğŸ‡¬ğŸ‡«,French Guiana,Americas,Latin America and the Caribbean,GF,GUF,.gf
ğŸ‡¬ğŸ‡¬,Guernsey,Europe,Northern Europe,GG,GGY,.gg
ğŸ‡¬ğŸ‡­,Ghana,Africa,Sub-Saharan Africa,GH,GHA,.gh
ğŸ‡¬ğŸ‡®,Gibraltar,Europe,Southern Europe,GI,GIB,.gi
ğŸ‡¬ğŸ‡±,Greenland,Americas,Northern America,GL,GRL,.gl
ğŸ‡¬ğŸ‡²,Gambia,Africa,Sub-Saharan Africa,GM,GMB,.gm
ğŸ‡¬ğŸ‡³,Guinea,Africa,Sub-Saharan Africa,GN,GIN,.gn
ğŸ‡¬ğŸ‡µ,Guadeloupe,Americas,Latin America and the Caribbean,GP,GLP,.gp
ğŸ‡¬ğŸ‡¶,Equatorial Guinea,Africa,Sub-Saharan Africa,GQ,GNQ,.gq
ğŸ‡¬ğŸ‡·,Greece,Europe,Southern Europe,GR,GRC,.gr
ğŸ‡¬ğŸ‡¸,South Georgia & South Sandwich Islands,Americas,Latin America and the Caribbean,GS,SGS,.gs
ğŸ‡¬ğŸ‡¹,Guatemala,Americas,Latin America and the Caribbean,GT,GTM,.gt
ğŸ‡¬ğŸ‡º,Guam,Oceania,Micronesia,GU,GUM,.gu
ğŸ‡¬ğŸ‡¼,Guinea-Bissau,Africa,Sub-Saharan Africa,GW,GNB,.gw
ğŸ‡¬ğŸ‡¾,Guyana,Americas,Latin America and the Caribbean,GY,GUY,.gy
ğŸ‡­ğŸ‡°,Hong Kong SAR China,Asia,Eastern Asia,HK,HKG,.hk
ğŸ‡­ğŸ‡²,Heard & McDonald Islands,Oceania,Australia and New Zealand,HM,HMD,.hm
ğŸ‡­ğŸ‡³,Honduras,Americas,Latin America and the Caribbean,HN,HND,.hn
ğŸ‡­ğŸ‡·,Croatia,Europe,Southern Europe,HR,HRV,.hr
ğŸ‡­ğŸ‡¹,Haiti,Americas,Latin America and the Caribbean,HT,HTI,.ht
ğŸ‡­ğŸ‡º,Hungary,Europe,Eastern Europe,HU,HUN,.hu
ğŸ‡®ğŸ‡¨,Canary Islands,Europe,Southern Europe,ES-CN,CNY,
ğŸ‡®ğŸ‡©,Indonesia,Asia,South-eastern Asia,ID,IDN,.id
ğŸ‡®ğŸ‡ª,Ireland,Europe,Northern Europe,IE,IRL,.ie
ğŸ‡®ğŸ‡±,Israel,Asia,Western Asia,IL,ISR,.il
ğŸ‡®ğŸ‡²,Isle of Man,Europe,Northern Europe,IM,IMN,.im
ğŸ‡®ğŸ‡³,India,Asia,Southern Asia,IN,IND,.in
ğŸ‡®ğŸ‡´,British Indian Ocean Territory,Africa,Sub-Saharan Africa,IO,IOT,.io
ğŸ‡®ğŸ‡¶,Iraq,Asia,Western Asia,IQ,IRQ,.iq
ğŸ‡®ğŸ‡·,Iran,Asia,Southern Asia,IR,IRN,.ir
ğŸ‡®ğŸ‡¸,Iceland,Europe,Northern Europe,IS,ISL,.is
ğŸ‡®ğŸ‡¹,Italy,Europe,Southern Europe,IT,ITA,.it
ğŸ‡¯ğŸ‡ª,Jersey,Europe,Northern Europe,JE,JEY,.je
ğŸ‡¯ğŸ‡²,Jamaica,Americas,Latin America and the Caribbean,JM,JAM,.jm
ğŸ‡¯ğŸ‡´,Jordan,Asia,Western Asia,JO,JOR,.jo
ğŸ‡¯ğŸ‡µ,Japan,Asia,Eastern Asia,JP,JPN,.jp
ğŸ‡°ğŸ‡ª,Kenya,Africa,Sub-Saharan Africa,KE,KEN,.ke
ğŸ‡°ğŸ‡¬,Kyrgyzstan,Asia,Central Asia,KG,KGZ,.kg
ğŸ‡°ğŸ‡­,Cambodia,Asia,South-eastern Asia,KH,KHM,.kh
ğŸ‡°ğŸ‡®,Kiribati,Oceania,Micronesia,KI,KIR,.ki
ğŸ‡°ğŸ‡²,Comoros,Africa,Sub-Saharan Africa,KM,COM,.km
ğŸ‡°ğŸ‡³,St. Kitts & Nevis,Americas,Latin America and the Caribbean,KN,KNA,.kn
ğŸ‡°ğŸ‡µ,North Korea,Asia,Eastern Asia,KP,PRK,.kp
ğŸ‡°ğŸ‡·,South Korea,Asia,Eastern Asia,KR,KOR,.kr
ğŸ‡°ğŸ‡¼,Kuwait,Asia,Western Asia,KW,KWT,.kw
ğŸ‡°ğŸ‡¾,Cayman Islands,Americas,Latin America and the Caribbean,KY,CYM,.ky
ğŸ‡°ğŸ‡¿,Kazakhstan,Asia,Central Asia,KZ,KAZ,.kz
ğŸ‡±ğŸ‡¦,Laos,Asia,South-eastern Asia,LA,LAO,.la
ğŸ‡±ğŸ‡§,Lebanon,Asia,Western Asia,LB,LBN,.lb
ğŸ‡±ğŸ‡¨,St. Lucia,Americas,Latin America and the Caribbean,LC,LCA,.lc
ğŸ‡±ğŸ‡®,Liechtenstein,Europe,Western Europe,LI,LIE,.li
ğŸ‡±ğŸ‡°,Sri Lanka,Asia,Southern Asia,LK,LKA,.lk
ğŸ‡±ğŸ‡·,Liberia,Africa,Sub-Saharan Africa,LR,LBR,.lr
ğŸ‡±ğŸ‡¸,Lesotho,Africa,Sub-Saharan Africa,LS,LSO,.ls
ğŸ‡±ğŸ‡¹,Lithuania,Europe,Northern Europe,LT,LTU,.lt
ğŸ‡±ğŸ‡º,Luxembourg,Europe,Western Europe,LU,LUX,.lu
ğŸ‡±ğŸ‡»,Latvia,Europe,Northern Europe,LV,LVA,.lv
ğŸ‡±ğŸ‡¾,Libya,Africa,Northern Africa,LY,LBY,.ly
ğŸ‡²ğŸ‡¦,Morocco,Africa,Northern Africa,MA,MAR,.ma
ğŸ‡²ğŸ‡¨,Monaco,Europe,Western Europe,MC,MCO,.mc
ğŸ‡²ğŸ‡©,Moldova,Europe,Eastern Europe,MD,MDA,.md
ğŸ‡²ğŸ‡ª,Montenegro,Europe,Southern Europe,ME,MNE,.me
ğŸ‡²ğŸ‡«,St. Martin,Americas,Latin America and the Caribbean,MF,MAF,.gp
ğŸ‡²ğŸ‡¬,Madagascar,Africa,Sub-Saharan Africa,MG,MDG,.mg
ğŸ‡²ğŸ‡­,Marshall Islands,Oceania,Micronesia,MH,MHL,.mh
ğŸ‡²ğŸ‡°,North Macedonia,Europe,Southern Europe,MK,MKD,.mk
ğŸ‡²ğŸ‡±,Mali,Africa,Sub-Saharan Africa,ML,MLI,.ml
ğŸ‡²ğŸ‡²,Myanmar (Burma),Asia,South-eastern Asia,MM,MMR,.mm
ğŸ‡²ğŸ‡³,Mongolia,Asia,Eastern Asia,MN,MNG,.mn
ğŸ‡²ğŸ‡´,Macao SAR China,Asia,Eastern Asia,MO,MAC,.mo
ğŸ‡²ğŸ‡µ,Northern Mariana Islands,Oceania,Micronesia,MP,MNP,.mp
ğŸ‡²ğŸ‡¶,Martinique,Americas,Latin America and the Caribbean,MQ,MTQ,.mq
ğŸ‡²ğŸ‡·,Mauritania,Africa,Sub-Saharan Africa,MR,MRT,.mr
ğŸ‡²ğŸ‡¸,Montserrat,Americas,Latin America and the Caribbean,MS,MSR,.ms
ğŸ‡²ğŸ‡¹,Malta,Europe,Southern Europe,MT,MLT,.mt
ğŸ‡²ğŸ‡º,Mauritius,Africa,Sub-Saharan Africa,MU,MUS,.mu
ğŸ‡²ğŸ‡»,Maldives,Asia,Southern Asia,MV,MDV,.mv
ğŸ‡²ğŸ‡¼,Malawi,Africa,Sub-Saharan Africa,MW,MWI,.mw
ğŸ‡²ğŸ‡½,Mexico,Americas,Latin America and the Caribbean,MX,MEX,.mx
ğŸ‡²ğŸ‡¾,Malaysia,Asia,South-eastern Asia,MY,MYS,.my
ğŸ‡²ğŸ‡¿,Mozambique,Africa,Sub-Saharan Africa,MZ,MOZ,.mz
ğŸ‡³ğŸ‡¦,Namibia,Africa,Sub-Saharan Africa,NA,NAM,.na
ğŸ‡³ğŸ‡¨,New Caledonia,Oceania,Melanesia,NC,NCL,.nc
ğŸ‡³ğŸ‡ª,Niger,Africa,Sub-Saharan Africa,NE,NER,.ne
ğŸ‡³ğŸ‡«,Norfolk Island,Oceania,Australia and New Zealand,NF,NFK,.nf
ğŸ‡³ğŸ‡¬,Nigeria,Africa,Sub-Saharan Africa,NG,NGA,.ng
ğŸ‡³ğŸ‡®,Nicaragua,Americas,Latin America and the Caribbean,NI,NIC,.ni
ğŸ‡³ğŸ‡±,Netherlands,Europe,Western Europe,NL,NLD,.nl
ğŸ‡³ğŸ‡´,Norway,Europe,Northern Europe,NO,NOR,.no
ğŸ‡³ğŸ‡µ,Nepal,Asia,Southern Asia,NP,NPL,.np
ğŸ‡³ğŸ‡·,Nauru,Oceania,Micronesia,NR,NRU,.nr
ğŸ‡³ğŸ‡º,Niue,Oceania,Polynesia,NU,NIU,.nu
ğŸ‡³ğŸ‡¿,New Zealand,Oceania,Australia and New Zealand,NZ,NZL,.nz
ğŸ‡´ğŸ‡²,Oman,Asia,Western Asia,OM,OMN,.om
ğŸ‡µğŸ‡¦,Panama,Americas,Latin America and the Caribbean,PA,PAN,.pa
ğŸ‡µğŸ‡ª,Peru,Americas,Latin America and the Caribbean,PE,PER,.pe
ğŸ‡µğŸ‡«,French Polynesia,Oceania,Polynesia,PF,PYF,.pf
ğŸ‡µğŸ‡¬,Papua New Guinea,Oceania,Melanesia,PG,PNG,.pg
ğŸ‡µğŸ‡­,Philippines,Asia,South-eastern Asia,PH,PHL,.ph
ğŸ‡µğŸ‡°,Pakistan,Asia,Southern Asia,PK,PAK,.pk
ğŸ‡µğŸ‡±,Poland,Europe,Eastern Europe,PL,POL,.pl
ğŸ‡µğŸ‡²,St. Pierre & Miquelon,Americas,Northern America,PM,SPM,.pm
ğŸ‡µğŸ‡³,Pitcairn Islands,Oceania,Polynesia,PN,PCN,.pn
ğŸ‡µğŸ‡·,Puerto Rico,Americas,Latin America and the Caribbean,PR,PRI,.pr
ğŸ‡µğŸ‡¸,Palestinian Territories,Asia,Western Asia,PS,PSE,.ps
ğŸ‡µğŸ‡¹,Portugal,Europe,Southern Europe,PT,PRT,.pt
ğŸ‡µğŸ‡¼,Palau,Oceania,Micronesia,PW,PLW,.pw
ğŸ‡µğŸ‡¾,Paraguay,Americas,Latin America and the Caribbean,PY,PRY,.py
ğŸ‡¶ğŸ‡¦,Qatar,Asia,Western Asia,QA,QAT,.qa
ğŸ‡·ğŸ‡ª,RÃ©union,Africa,Sub-Saharan Africa,RE,REU,.re
ğŸ‡·ğŸ‡´,Romania,Europe,Eastern Europe,RO,ROU,.ro
ğŸ‡·ğŸ‡¸,Serbia,Europe,Southern Europe,RS,SRB,.rs
ğŸ‡·ğŸ‡º,Russia,Europe,Eastern Europe,RU,RUS,.ru
ğŸ‡·ğŸ‡¼,Rwanda,Africa,Sub-Saharan Africa,RW,RWA,.rw
ğŸ‡¸ğŸ‡¦,Saudi Arabia,Asia,Western Asia,SA,SAU,.sa
ğŸ‡¸ğŸ‡§,Solomon Islands,Oceania,Melanesia,SB,SLB,.sb
ğŸ‡¸ğŸ‡¨,Seychelles,Africa,Sub-Saharan Africa,SC,SYC,.sc
ğŸ‡¸ğŸ‡©,Sudan,Africa,Northern Africa,SD,SDN,.sd
ğŸ‡¸ğŸ‡ª,Sweden,Europe,Northern Europe,SE,SWE,.se
ğŸ‡¸ğŸ‡¬,Singapore,Asia,South-eastern Asia,SG,SGP,.sg
ğŸ‡¸ğŸ‡­,St. Helena,Africa,Sub-Saharan Africa,SH,SHN,.sh
ğŸ‡¸ğŸ‡®,Slovenia,Europe,Southern Europe,SI,SVN,.si
ğŸ‡¸ğŸ‡¯,Svalbard & Jan Mayen,Europe,Northern Europe,SJ,SJM,.sj
ğŸ‡¸ğŸ‡°,Slovakia,Europe,Eastern Europe,SK,SVK,.sk
ğŸ‡¸ğŸ‡±,Sierra Leone,Africa,Sub-Saharan Africa,SL,SLE,.sl
ğŸ‡¸ğŸ‡²,San Marino,Europe,Southern Europe,SM,SMR,.sm
ğŸ‡¸ğŸ‡³,Senegal,Africa,Sub-Saharan Africa,SN,SEN,.sn
ğŸ‡¸ğŸ‡´,Somalia,Africa,Sub-Saharan Africa,SO,SOM,.so
ğŸ‡¸ğŸ‡·,Suriname,Americas,Latin America and the Caribbean,SR,SUR,.sr
ğŸ‡¸ğŸ‡¸,South Sudan,Africa,Sub-Saharan Africa,SS,SSD,.ss
ğŸ‡¸ğŸ‡¹,SÃ£o TomÃ© & PrÃ­ncipe,Africa,Sub-Saharan Africa,ST,STP,.st
ğŸ‡¸ğŸ‡»,El Salvador,Americas,Latin America and the Caribbean,SV,SLV,.sv
ğŸ‡¸ğŸ‡½,Sint Maarten,Americas,Latin America and the Caribbean,SX,SXM,.sx
ğŸ‡¸ğŸ‡¾,Syria,Asia,Western Asia,SY,SYR,.sy
ğŸ‡¸ğŸ‡¿,Eswatini,Africa,Sub-Saharan Africa,SZ,SWZ,.sz
ğŸ‡¹ğŸ‡¦,Tristan da Cunha,Africa,Sub-Saharan Africa,TA,TAC,.ta
ğŸ‡¹ğŸ‡¨,Turks & Caicos Islands,Americas,Latin America and the Caribbean,TC,TCA,.tc
ğŸ‡¹ğŸ‡©,Chad,Africa,Sub-Saharan Africa,TD,TCD,.td
ğŸ‡¹ğŸ‡«,French Southern Territories,Africa,Sub-Saharan Africa,TF,ATF,.tf
ğŸ‡¹ğŸ‡¬,Togo,Africa,Sub-Saharan Africa,TG,TGO,.tg
ğŸ‡¹ğŸ‡­,Thailand,Asia,South-eastern Asia,TH,THA,.th
ğŸ‡¹ğŸ‡¯,Tajikistan,Asia,Central Asia,TJ,TJK,.tj
ğŸ‡¹ğŸ‡°,Tokelau,Oceania,Polynesia,TK,TKL,.tk
ğŸ‡¹ğŸ‡±,Timor-Leste,Asia,South-eastern Asia,TL,TLS,.tl
ğŸ‡¹ğŸ‡²,Turkmenistan,Asia,Central Asia,TM,TKM,.tm
ğŸ‡¹ğŸ‡³,Tunisia,Africa,Northern Africa,TN,TUN,.tn
ğŸ‡¹ğŸ‡´,Tonga,Oceania,Polynesia,TO,TON,.to
ğŸ‡¹ğŸ‡·,TÃ¼rkiye,Asia,Western Asia,TR,TUR,.tr
ğŸ‡¹ğŸ‡¹,Trinidad & Tobago,Americas,Latin America and the Caribbean,TT,TTO,.tt
ğŸ‡¹ğŸ‡»,Tuvalu,Oceania,Polynesia,TV,TUV,.tv
ğŸ‡¹ğŸ‡¼,Taiwan,Asia,Eastern Asia,TW,TWN,.tw
ğŸ‡¹ğŸ‡¿,Tanzania,Africa,Sub-Saharan Africa,TZ,TZA,.tz
ğŸ‡ºğŸ‡¦,Ukraine,Europe,Eastern Europe,UA,UKR,.ua
ğŸ‡ºğŸ‡¬,Uganda,Africa,Sub-Saharan Africa,UG,UGA,.ug
ğŸ‡ºğŸ‡²,U.S. Outlying Islands,Oceania,Micronesia,UM,UMI,.um
ğŸ‡ºğŸ‡³,United Nations,Global,Global,UN,UNK,.un
ğŸ‡ºğŸ‡¸,United States,Americas,Northern America,US,USA,.us
ğŸ‡ºğŸ‡¾,Uruguay,Americas,Latin America and the Caribbean,UY,URY,.uy
ğŸ‡ºğŸ‡¿,Uzbekistan,Asia,Central Asia,UZ,UZB,.uz
ğŸ‡»ğŸ‡¦,Vatican City,Europe,Southern Europe,VA,VAT,.va
ğŸ‡»ğŸ‡¨,St. Vincent & Grenadines,Americas,Latin America and the Caribbean,VC,VCT,.vc
ğŸ‡»ğŸ‡ª,Venezuela,Americas,Latin America and the Caribbean,VE,VEN,.ve
ğŸ‡»ğŸ‡¬,British Virgin Islands,Americas,Latin America and the Caribbean,VG,VGB,.vg
ğŸ‡»ğŸ‡®,U.S. Virgin Islands,Americas,Latin America and the Caribbean,VI,VIR,.vi
ğŸ‡»ğŸ‡³,Vietnam,Asia,South-eastern Asia,VN,VNM,.vn
ğŸ‡»ğŸ‡º,Vanuatu,Oceania,Melanesia,VU,VUT,.vu
ğŸ‡¼ğŸ‡«,Wallis & Futuna,Oceania,Polynesia,WF,WLF,.wf
ğŸ‡¼ğŸ‡¸,Samoa,Oceania,Polynesia,WS,WSM,.ws
ğŸ‡½ğŸ‡°,Kosovo,Europe,Western Europe,XK,XKX,.xk
ğŸ‡¾ğŸ‡ª,Yemen,Asia,Western Asia,YE,YEM,.ye
ğŸ‡¾ğŸ‡¹,Mayotte,Africa,Sub-Saharan Africa,YT,MYT,.yt
ğŸ‡¿ğŸ‡¦,South Africa,Africa,Sub-Saharan Africa,ZA,ZAF,.za
ğŸ‡¿ğŸ‡²,Zambia,Africa,Sub-Saharan Africa,ZM,ZMB,.zm
ğŸ‡¿ğŸ‡¼,Zimbabwe,Africa,Sub-Saharan Africa,ZW,ZWE,.zw
ğŸ´ó §ó ¢ó ¥ó ®ó §ó ¿,England,Europe,Northern Europe,GB-ENG,GBE,.england
ğŸ´ó §ó ¢ó ³ó £ó ´ó ¿,Scotland,Europe,Northern Europe,GB-SCT,GBS,.scotland
ğŸ´ó §ó ¢ó ·ó ¬ó ³ó ¿,Wales,Europe,Northern Europe,GB-WLS,GBW,.wales
